{
  "os":  "Windows-10-10.0.26200-SP0",
  "python":  "CPython 3.11.0",
  "startedAt":  "2025-05-14T10:33:45.359252Z",
  "args":  [
    "--epochs",
    "2",
    "--optimizer",
    "Adam",
    "--Cell_Type",
    "LSTM",
    "--l_rate",
    "0.001",
    "--loss",
    "categorical_crossentropy",
    "--batch_size",
    "64",
    "--embedding_size",
    "128",
    "--hidden_layer_size",
    "256",
    "--n_enc_dec_layers",
    "2",
    "--beam_size",
    "5",
    "--dropout",
    "0.2"
  ],
  "program":  "E:\\volume d\\gggg\\julynov24\\Deep Learning\\DA6401\\DA6401_new_3\\main.py",
  "codePath":  "Deep Learning\\DA6401\\DA6401_new_3\\main.py",
  "email":  "cs22m088@smail.iitm.ac.in",
  "root":  "E:\\volume d\\gggg\\julynov24\\Deep Learning\\DA6401\\DA6401_new_3",
  "host":  "veer-agni",
  "executable":  "C:\\Users\\hp\\AppData\\Local\\Programs\\Python\\Python311\\python.exe",
  "codePathLocal":  "main.py",
  "cpu_count":  4,
  "cpu_count_logical":  8,
  "disk":  {
    "/":  {
      "total":  "104857595904",
      "used":  "26716954624"
    }
  },
  "memory":  {
    "total":  "12506886144"
  },
  "cpu":  {
    "count":  4,
    "countLogical":  8
  }
}